AMGS	Albany Museum			Grahamstown	South Africa	Albany Museum, Grahamstown, South Africa
AMNH	American Museum of Natural History	Division of Invertebrate Zoology 		New York	United States	American Museum of Natural History, Division of Invertebrate Zoology, New York, United States
AMNZ	Auckland Museum Institute			Auckland	New Zealand	Auckland Museum Institute, Auckland, New Zealand
AMS	Australian Museum	Department of Entomology		Sydney	Australia	Australian Museum, Department of Entomology, Sydney, Australia
AMUZ	Department of Zoology		Aligarh Muslim University	Aligarh	India	Department of Zoology, Aligarh, India
ANCB	Museo Nacional de Historia Natural	Coleccion Entomologica		La Paz	Bolivia	Museo Nacional de Historia Natural, Coleccion Entomologica, La Paz, Bolivia
ANIC	CSIRO Entomology	Australian National Insect Collection	Commonwealth Scientific and Industrial Research Organization	Canberra	Australia	CSIRO Entomology, Australian National Insect Collection, Commonwealth Scientific and Industrial Research Organization, Canberra, Australia
ANSP	Department of Entomology		The Academy of Natural Sciences	Philadelphia	United States	Department of Entomology, Philadelphia, United States
ASAY	Institute of Zoology		Academy of Sciences of Armenia	Yerevan	Republic of Armenia 	Institute of Zoology, Yerevan, Republic of Armenia
ASCU	Orange Agricultural Institute	Agricultural Scientific Collections Unit	NSW Department of Primary Industries	Orange	Australia	Orange Agricultural Institute, Agricultural Scientific Collections Unit, NSW Department of Primary Industries, Orange, Australia
AUTC	Ataturk Universitesi			Erzurum	Turkey	Ataturk Universitesi, Erzurum, Turkey
BAUC	Department of Entomology		China Agricultural University	Beijing	China	Department of Entomology, Beijing, China
BBM	Bishop Museum	J. Linsley Gressitt Center for Research in Entomology, Department of Natural Sciences		Honolulu	United States	Bishop Museum, J. Linsley Gressitt Center for Research in Entomology, Department of Natural Sciences, Honolulu, United States
BCIQT	Bureau of Animal and Plant Health Inspection and Quarantine	Taichung Branch Office	Council of Agriculture	Taichung City	Taiwan	Bureau of Animal and Plant Health Inspection and Quarantine, Taichung Branch Office, Council of Agriculture, Taichung City, Taiwan
BEH	Bureau of Entomology			Hangchow	China	Bureau of Entomology, Hangchow, China
BHU	Department of Zoology		Banaras Hindu University	Varanasi	India	Department of Zoology, Varanasi, India
BLKU	Biosystematics Laboratory		Kyushu University	Fukuoka	Japan	Biosystematics Laboratory, Fukuoka, Japan
BMBN	Booth Museum of Natural History	Brighton Borough Council		Brighton	United Kingdom	Booth Museum of Natural History, Brighton Borough Council, Brighton, United Kingdom
BMNH	The Natural History Museum	Department of Entomology		London	United Kingdom	The Natural History Museum, Department of Entomology, London, United Kingdom
BNIST	Bernhard-Nocht-Institut fur Tropenmedizin			Hamburg	Germany	Bernhard-Nocht-Institut fur Tropenmedizin, Hamburg, Germany
BPIH	Bureau of Plant Industry	Arthropod Collection	Pennsylvania Department of Agriculture	Harrisburg	United States	Bureau of Plant Industry, Arthropod Collection, Pennsylvania Department of Agriculture, Harrisburg, United States
BPIM	Bureau of Plant Industry		Department of Agriculture	Manila	Philippines	Bureau of Plant Industry, Manila, Philippines
BYU	Monte L. Bean Life Science Museum	Entomology Section	Brigham Young University	Provo	United States	Monte L. Bean Life Science Museum, Entomology Section, Brigham Young University, Provo, United States
CAS	California Academy of Sciences	Department of Entomology		San Francisco	United States	California Academy of Sciences, Department of Entomology, San Francisco, United States
CAU	Zoologisches Museum		Christian-Albrechts-Universitat	Kiel	Germany	Zoologisches Museum, Kiel, Germany
CCSZ	Museo Paleontologico	Coleccion del Colegio del Salvador	Universidad de Zaragoza	Zaragoza	Spain	Museo Paleontologico, Coleccion del Colegio del Salvador, Universidad de Zaragoza, Zaragoza, Spain
CELM	"Coleccion Entomologica ""Luis Maria Murillo"""	Seccion Entomologia, ICA, Tibaitata		Bogota	Columbia	"Coleccion Entomologica ""Luis Maria Murillo"", Seccion Entomologia, ICA, Tibaitata, Bogota, Columbia"
CLM	Central Laboratory			Redent	Mauritius	Central Laboratory, Redent, Mauritius
CMC	Canterbury Museum			Christchurch	New Zealand	Canterbury Museum, Christchurch, New Zealand
CMCP	Department of Parasitology		Chungshan Medical College	Canton	China	Department of Parasitology, Canton, China
CMNH	Museum of Natural History & Science	Arthropod Collection	Cincinnati Museum Center 	Cincinnati	United States	Museum of Natural History & Science, Arthropod Collection, Cincinnati Museum Center, Cincinnati, United States
CMP	Carnegie Museum of Natural History	Section of Invertebrate Zoology 		Pittsburgh	United States	Carnegie Museum of Natural History, Section of Invertebrate Zoology, Pittsburgh, United States
CNBF	Corpo Forestale dello Stato		"Centro Nazionale per lo Studio e laConservazione della Biodiversita Forestale ""Bosco della Fontana"""	Verona	Italy	Corpo Forestale dello Stato, Verona, Italy
CNC	Canadian National Collection of Insects		Agriculture and Agri-Food Canada	Ottawa	Canada	Canadian National Collection of Insects, Ottawa, Canada
CNMS	National Museum			Colombo	Sri Lanka	National Museum, Colombo, Sri Lanka
CNU	Capital Normal University			Beijing	China	Capital Normal University, Beijing, China
CPARJ	Centro de Pesquisas Agropecuarias Centro-Sul		EMBRAPA	Rio de Janeiro	Brazil	Centro de Pesquisas Agropecuarias Centro-Sul, Rio de Janeiro, Brazil
CPMM	Museu da Historia Natural			Maputo	Mozambique	Museu da Historia Natural, Maputo, Mozambique
CSPU	Biological Sciences Department		California State Polytechnic University	Pomona	United States	Biological Sciences Department, Pomona, United States
CSUFC	Department of Entomology	C.P. Gillette Museum of Arthropod Biodiversity	Colorado State University	Fort Collins	United States	Department of Entomology, C.P. Gillette Museum of Arthropod Biodiversity, Colorado State University, Fort Collins, United States
CUFS	Departamento de Ciencias Biologicas	Laboratorio de Entomologia, Colecao Entomologica	Universidade Estadual de Feira de Santana	Feira de Santana	Brazil	Departamento de Ciencias Biologicas, Laboratorio de Entomologia, Colecao Entomologica, Universidade Estadual de Feira de Santana, Feira de Santana, Brazil
CUGE	Department of Entomology	Insect Collection	Cairo University	Giza	Egypt	Department of Entomology, Insect Collection, Cairo University, Giza, Egypt
CUI	Department of Entomology	Insect Collection	Cornell University	Ithaca	United States	Department of Entomology, Insect Collection, Cornell University, Ithaca, United States
CUMC	Peking Union Medical College			Beijing	China	Peking Union Medical College, Beijing, China
CUMZ	University Museum of Zoology Cambridge	Insect Collection		Cambridge	United Kingdom	University Museum of Zoology Cambridge, Insect Collection, Cambridge, United Kingdom
CWW	College of Wooster			Wooster	United States	College of Wooster, Wooster, United States
DABZ	Department of Agriculture			Bulawayo	Zimbabwe	Department of Agriculture, Bulawayo, Zimbabwe
DAC	Department of Agriculture			Cairo	Egypt	Department of Agriculture, Cairo, Egypt
DCBU	Centro de Ciencias Biologicas e da Saude		Universidade Federal de Sao Carlos	Sao Carlos	Brazil	Centro de Ciencias Biologicas e da Saude, Sao Carlos, Brazil
DEBU	Department of Zoology		University of Guelph	Guelph	Canada	Department of Zoology, Guelph, Canada
DEFS	Departamento de Epidemiologia	Faculdade de Saude Publica	Universidade de Sao Paulo	Sao Paulo	Brazil	Departamento de Epidemiologia, Faculdade de Saude Publica, Universidade de Sao Paulo, Sao Paulo, Brazil
DEI	Deutsches Entomologisches Institut		Leibniz-Zentrum fur Agrarlandschafts- und Landnutzungsforschung (ZALF) e.V.	Muncheberg	Germany	Deutsches Entomologisches Institut, Muncheberg, Germany
DERM	Division de Endemias Rurales			Maracay	Venezuela	Division de Endemias Rurales, Maracay, Venezuela
DHU	Daegu Haany University			Kyungsan	South Korea	Daegu Haany University, Kyungsan, South Korea
DMB	Division de Malariologia			Bogota	Colombia	Division de Malariologia, Bogota, Colombia
DMSA	Durban Natural Science Museum			Durban	South Africa	Durban Natural Science Museum, Durban, South Africa
DMW	Museum of New Zealand Te Papa Tongarewa			Wellington	New Zealand	Museum of New Zealand Te Papa Tongarewa, Wellington, New Zealand
DPCB	Departamento de Parasitologia	Instituto de Ciencias Biomedicas	Universidade de Sao Paulo	Sao Paulo	Brazil	Departamento de Parasitologia, Instituto de Ciencias Biomedicas, Universidade de Sao Paulo, Sao Paulo, Brazil
DPFA	Division Profilaxia de Febre Amarela			Caracas	Venezuela	Division Profilaxia de Febre Amarela, Caracas, Venezuela
DPHU	Department of Parasitology		Hebrew University-Hadassah Medical School	Jerusalem	Israel	Department of Parasitology, Jerusalem, Israel
DSIR	Department of Scientific and Industrial Research			Nelson	New Zealand	Department of Scientific and Industrial Research, Nelson, New Zealand
DZKU	Department of Zoology	Division of Biological Science, Graduate School of Science	Kyoto University	Kyoto	Japan	Department of Zoology, Division of Biological Science, Graduate School of Science, Kyoto University, Kyoto, Japan
DZMU	Department of Zoology and Ecology		Masaryk University	Brno	Czech Republic	Department of Zoology and Ecology, Brno, Czech Republic
DZUP	Departamento de Zoologia	Colecao de Entomologia Pe. Jesus Santiago Moure	Universidade Federal do Parana	Curitiba	Brazil	Departamento de Zoologia, Colecao de Entomologia Pe. Jesus Santiago Moure, Universidade Federal do Parana, Curitiba, Brazil
ED	Palanga Amber Museum		Lithuanian Art Museum	Palanga	Lithuania	Palanga Amber Museum, Palanga, Lithuania
ELMU	Entomological Laboratory	Faculty of Agriculture 	Meijo University 	Nagoya	Japan	Entomological Laboratory, Faculty of Agriculture, Meijo University, Nagoya, Japan
EMAU	Zoologisches Institut und Museum		Ernst-Moritz-Arndt-Universitat Greifswald	Greifswald	Germany	Zoologisches Institut und Museum, Greifswald, Germany
EMH	Ecole de Medecine de Hanoi			Hanoi	Vietnam	Ecole de Medecine de Hanoi, Hanoi, Vietnam
ENA	Universidade Federal Rural do Rio de Janeiro			Rio de Janeiro	Brazil	Universidade Federal Rural do Rio de Janeiro, Rio de Janeiro, Brazil
ENSP	Escola Nacional de Saude Publica		Universidade Nova de Lisboa	Lisboa	Portugal	Escola Nacional de Saude Publica, Lisboa, Portugal
ESEE	The Entomological Society of Egypt			Cairo	Egypt	The Entomological Society of Egypt, Cairo, Egypt
ETHZ	Entomologische Sammlung		ETH Zentrum	Zurich	Switzerland	Entomologische Sammlung, Zurich, Switzerland
EUMJ	Laboratory of Environmental Entomology	Faculty of Agriculture	Ehime University	Matsuyama	Japan	Laboratory of Environmental Entomology, Faculty of Agriculture, Ehime University, Matsuyama, Japan
EUO	Departamento de Microbiologia Parasitologia	Seccion de Entomologia	Escuela de Medicina, Universidad de Oriente	Bolivar	Venezuela	Departamento de Microbiologia Parasitologia, Seccion de Entomologia, Escuela de Medicina, Universidad de Oriente, Bolivar, Venezuela
FAMU	Florida A & M University	Center for Studies in Entomology		Tallahassee	United States	Florida A & M University, Center for Studies in Entomology, Tallahassee, United States
FMNH	Field Museum of Natural History	Division of Insects		Chicago	United States	Field Museum of Natural History, Division of Insects, Chicago, United States
FMRP	Faculdade de Medicina de Ribeirao Preto	Departamento de Parasitologia	Universidade de Sao Paulo	Ribeirao Preto	Brazil	Faculdade de Medicina de Ribeirao Preto, Departamento de Parasitologia, Universidade de Sao Paulo, Ribeirao Preto, Brazil
FMSP	Departamento de Parasitologia	Faculdade de Medicina	Universidade de Sao Paulo	Sao Paulo	Brazil	Departamento de Parasitologia, Faculdade de Medicina, Universidade de Sao Paulo, Sao Paulo, Brazil
FRC	Forest Research Center			Kuching	Malaysia	Forest Research Center, Kuching, Malaysia
FSCA	Museum of Entomology	Florida State Collection of Arthropods		Gainesville	United States	Museum of Entomology, Florida State Collection of Arthropods, Gainesville, United States
GDUB	Department of Genetics	Facultat de Biologia	University of Barcelona	Barcelona	Spain	Department of Genetics, Facultat de Biologia, University of Barcelona, Barcelona, Spain
GLB	Geneeskundig Laboratorium			Djakarta	Indonesia	Geneeskundig Laboratorium, Djakarta, Indonesia
HLDH	Hessisches Landesmuseum Darmstadt	Zoologische Abteilung		Darmstadt	Germany	Hessisches Landesmuseum Darmstadt, Zoologische Abteilung, Darmstadt, Germany
HNHM	Hungarian Natural History Museum	Zoological Department		Budapest	Hungary	Hungarian Natural History Museum, Zoological Department, Budapest, Hungary
HUS	Entomological Institute	Faculty of Agriculture	Hokkaido University	Sapporo	Japan	Entomological Institute, Faculty of Agriculture, Hokkaido University, Sapporo, Japan
IASE	Institute of Animal Systematics and Ecology	Siberian Zoological Museum	Siberian Division of the Russian Academy of Sciences	Novosibirsk 91	Russia	Institute of Animal Systematics and Ecology, Siberian Zoological Museum, Siberian Division of the Russian Academy of Sciences, Novosibirsk 91, Russia
IBJN	"Instituto Biologia ""Juan Noe"""	Faculdad de Medicina	Universidad de Chile	Santiago	Chile	"Instituto Biologia ""Juan Noe"", Faculdad de Medicina, Universidad de Chile, Santiago, Chile"
IBP	Institute of Biology and Soil Sciences	Far Eastern Branch	Russian Academy of Sciences	Vladivostok	Russia	Institute of Biology and Soil Sciences, Far Eastern Branch, Russian Academy of Sciences, Vladivostok, Russia
IBSP	Instituto Biologico		Secretaria de Estado da Agricultura e Abastecimento	Sao Paulo	Brazil	Instituto Biologico, Sao Paulo, Brazil
IBUT	Instituto Butantan			Sao Paulo	Brazil	Instituto Butantan, Sao Paulo, Brazil
ICRI	Research Institute of Entomology	Insect Collection	Sun Yat-Sen [=Zhongshan] University	Guangzhou	China	Research Institute of Entomology, Insect Collection, Sun Yat-Sen [=Zhongshan] University, Guangzhou, China
IEME	A. N. Severtsov Institute for Ecology and Evolution	Laboratory of Insects Morphology and Ecology	Russian Academy of Sciences	Moscow	Russia	A. N. Severtsov Institute for Ecology and Evolution, Laboratory of Insects Morphology and Ecology, Russian Academy of Sciences, Moscow, Russia
IEUP	Istituto di Entomologia		Universita degli Studi	Pavia	Italy	Istituto di Entomologia, Pavia, Italy
IEXV	Instituto de Ecologia, A.C.	Entomological Collection		Xalapa	Mexico	Instituto de Ecologia, A.C., Entomological Collection, Xalapa, Mexico
IGPUG	Geowissenschaftliches Zentrum der Universitat Gottingen	Museum der geologischen Institute	Georg-August-Universitat	Gottingen	Germany	Geowissenschaftliches Zentrum der Universitat Gottingen, Museum der geologischen Institute, Georg-August-Universitat, Gottingen, Germany
IGUT	Institut fur Geowissenschaften		Eberhard Karls Universitat Tubingen	Tubingen	Germany	Institut fur Geowissenschaften, Tubingen, Germany
IHC	Instituto de Higiene			Caracas	Venezuela	Instituto de Higiene, Caracas, Venezuela
IMEM	"Instituto Malariologia ""Ettore Marchiafava"""			Rome	Italy	"Instituto Malariologia ""Ettore Marchiafava"", Rome, Italy"
IML	Fundacion Miguel Lillo			San Miguel de Tucuman	Argentina	Fundacion Miguel Lillo, San Miguel de Tucuman, Argentina
INBIO	Instituto Nacional de Biodiversidad			Santo Domingo de Heredia	Costa Rica	Instituto Nacional de Biodiversidad, Santo Domingo de Heredia, Costa Rica
INER	Museo di Zoologia		"Universita di Roma ""La Sapienza"""	Rome	Italy	Museo di Zoologia, Rome, Italy
INHS	Illinois Natural History Survey	Insect Collection		Champaign	United States	Illinois Natural History Survey, Insect Collection, Champaign, United States
INLA	Centro Experimental de Entomologia La Cruz		Instituto de Investigaciones Agropecuarias (INIA)	La Cruz	Chile	Centro Experimental de Entomologia La Cruz, La Cruz, Chile
INM	Instituto Nacional de Microbiologia			Buenos Aires	Argentina	Instituto Nacional de Microbiologia, Buenos Aires, Argentina
INPA	Departamento de Entomologia	Colecao Sistematica da Entomologia	Instituto Nacional de Pesquisas da Amazonia	Manaus	Brazil	Departamento de Entomologia, Colecao Sistematica da Entomologia, Instituto Nacional de Pesquisas da Amazonia, Manaus, Brazil
INPC	Indian Agricultural Research Institute	Division of Entomology, National Pusa Collections		New Delhi	India	Indian Agricultural Research Institute, Division of Entomology, National Pusa Collections, New Delhi, India
INRA	Centre de Recherche de Montpellier			Montpellier	France	Centre de Recherche de Montpellier, Montpellier, France
INSL	Instituto Nacional de Salud	Entomological Collection		Lima	Peru	Instituto Nacional de Salud, Entomological Collection, Lima, Peru
IOC	Fundacao Instituto Oswaldo Cruz			Rio de Janeiro	Brazil	Fundacao Instituto Oswaldo Cruz, Rio de Janeiro, Brazil
IPP	Institut Pasteur			Paris	France	Institut Pasteur, Paris, France
IPPE	Shanghai Institute of Plant Physiology and Ecology	Shanghai Entomological Museum	Chinese Academy of Sciences	Shanghai	China	Shanghai Institute of Plant Physiology and Ecology, Shanghai Entomological Museum, Chinese Academy of Sciences, Shanghai, China
IPS	Institut de Parasitologie et de Pathologie Tropicale		Universite Louis Pasteur Strasbourg	Strasbourg	France	Institut de Parasitologie et de Pathologie Tropicale, Strasbourg, France
IPV	Instituto de Patobiologia		Instituto Nacional de Tecnologia Agropecuaria	Castelar	Argentina	Instituto de Patobiologia, Castelar, Argentina
IRD	Institut de Recherche pour le Developpement	Laboratoire de Taxonomie des Vecteurs		Montpellier	France	Institut de Recherche pour le Developpement, Laboratoire de Taxonomie des Vecteurs, Montpellier, France
IRSM	Institut Recherche Scientifique de Madagascar			Tananarive	Madagascar	Institut Recherche Scientifique de Madagascar, Tananarive, Madagascar
IRSNB	Institut Royal des Sciences Naturelles de Belgique	Departement d'Entomologie		Brussels	Belgium	Institut Royal des Sciences Naturelles de Belgique, Departement d'Entomologie, Brussels, Belgium
ISET	Instituto de Salubridad y Enfermedades Tropicales			Mexico	Mexico	Instituto de Salubridad y Enfermedades Tropicales, Mexico, Mexico
ISS	Instituto Superiore di Sanita			Rome	Italy	Instituto Superiore di Sanita, Rome, Italy
ISU	Department of Entomology	Insect Collection	Iowa State University	Ames	United States	Department of Entomology, Insect Collection, Iowa State University, Ames, United States
ISZP	Institute of Systematics and Evolution of Animals		Polish Academy of Sciences	Krakow	Poland	Institute of Systematics and Evolution of Animals, Krakow, Poland
ITBC	Institute for Tropical Biology and Conservation		Universiti Malaysia Sabah	Kota Kinabalu	Malaysia	Institute for Tropical Biology and Conservation, Kota Kinabalu, Malaysia
ITHGP	Laboratorium voor Tropische Hygiene		Koninklijk Instituut voor de Tropen	Amsterdam	Netherlands	Laboratorium voor Tropische Hygiene, Amsterdam, Netherlands
ITLJ	National Institute of Agro-Environmental Sciences			Tsukuba	Japan	National Institute of Agro-Environmental Sciences, Tsukuba, Japan
IZAA	Institute of Zoology		Kazakhstan National Academy of Science	Almaty	Kazakhstan	Institute of Zoology, Almaty, Kazakhstan
IZAC	Instituto de Ciencia Animal		Academia de Ciencias de Cuba	La Habana	Cuba	Instituto de Ciencia Animal, La Habana, Cuba
IZAM	Instituto de Zoologia Agricola	Facultad de Agronomia	Universidad Central de Venezuela	Maracay	Venezuela	Instituto de Zoologia Agricola, Facultad de Agronomia, Universidad Central de Venezuela, Maracay, Venezuela
IZAS	Institute of Zoology	Insect Collection	Academia Sinica	Beijing 	China	Institute of Zoology, Insect Collection, Academia Sinica, Beijing, China
IZSU	Institute of Zoology		Shaanxi Normal University	Xi'an	China	Institute of Zoology, Xi'an, China
IZT	Institute of Zoology		Academia Sinica	Taipei	Taiwan	Institute of Zoology, Taipei, Taiwan
IZTG	Institute of Zoology	Faculty of Biology	Tbilisi State University	Tbilisi	Georgia	Institute of Zoology, Faculty of Biology, Tbilisi State University, Tbilisi, Georgia
IZUI	Institut fur Zoologie und Limnologie		Universitat Innsbruck	Innsbruck	Austria	Institut fur Zoologie und Limnologie, Innsbruck, Austria
IZUSN	Instituto di Zoologia		Universita degli Studi di Napoli	Portici	Italy	Instituto di Zoologia, Portici, Italy
JAAS	Jiangsu Academy of Agricultural Sciences			Nanjing	China	Jiangsu Academy of Agricultural Sciences, Nanjing, China
KMC	Biology Department		Kweiyang Medical College	Kweiyang	China	Biology Department, Kweiyang, China
KPU	Kyoto Prefectural University			Shimogamo	Japan	Kyoto Prefectural University, Shimogamo, Japan
KSU	Department of Entomology	Entomological Collection	Kansas State University	Manhattan	United States	Department of Entomology, Entomological Collection, Kansas State University, Manhattan, United States
KU	Entomological Laboratory	Faculty of Agriculture	Kyushu University	Fukuoka	Japan	Entomological Laboratory, Faculty of Agriculture, Kyushu University, Fukuoka, Japan
KUB	Department of Entomology	Faculty of Agriculture	Kasetsart University Bangkhen Campus	Bangkok	Thailand	Department of Entomology, Faculty of Agriculture, Kasetsart University Bangkhen Campus, Bangkok, Thailand
KUIC	Entomology Laboratory	Faculty of Agriculture	Kagoshima University	Kagoshima	Japan	Entomology Laboratory, Faculty of Agriculture, Kagoshima University, Kagoshima, Japan
KUN	Department of Zoology 		Kumaon University	Nainital	India	Department of Zoology, Nainital, India
KUTK	Department of Agricultural Biology	Systematic Entomology Laboratory	Kyungpook National University	Taegu	South Korea	Department of Agricultural Biology, Systematic Entomology Laboratory, Kyungpook National University, Taegu, South Korea
LACM	Natural History Museum of Los Angeles County 			Los Angeles	United States	Natural History Museum of Los Angeles County, Los Angeles, United States
LCM	Leeds City Museum			Leeds	United Kingdom	Leeds City Museum, Leeds, United Kingdom
LCNZ	Entomology Research Museum	Ecology and Entomology Group	Lincoln University	Canterbury	New Zealand	Entomology Research Museum, Ecology and Entomology Group, Lincoln University, Canterbury, New Zealand
LGUL	Laboratoire de Geologie		Universite de Lyon	Lyon	France	Laboratoire de Geologie, Lyon, France
LPMP	Laboratoire de Parasitologie et Mycologie		University of Paris	Paris	France	Laboratoire de Parasitologie et Mycologie, Paris, France
LSL	Linnean Society of London			London	United Kingdom	Linnean Society of London, London, United Kingdom
LSTM	Liverpool School of Tropical Medicine			Liverpool	United Kingdom	Liverpool School of Tropical Medicine, Liverpool, United Kingdom
MACN	Museo Argentino de Ciencias Naturales	Divison Entomologia		Buenos Aires	Argentina	Museo Argentino de Ciencias Naturales, Divison Entomologia, Buenos Aires, Argentina
MBCG	"Museo Civico di Scienze Naturali ""Enrico Caffi"""	Collezioni Generali		Bergamo	Italy	"Museo Civico di Scienze Naturali ""Enrico Caffi"", Collezioni Generali, Bergamo, Italy"
MCNA	Museo de Ciencias Naturales de Alava			Vitoria (Alava)	Spain	Museo de Ciencias Naturales de Alava, Vitoria (Alava), Spain
MCNV	Museo di Storia Naturale		Musei Civici Veneziani	Venice	Italy	Museo di Storia Naturale, Venice, Italy
MCPM	Milwaukee Public Museum			Milwaukee	United States	Milwaukee Public Museum, Milwaukee, United States
MCQ	Lyman Entomological Museum and Research Laboratory		McGill University	St. Anne de Bellevue	Canada	Lyman Entomological Museum and Research Laboratory, St. Anne de Bellevue, Canada
MCSNM	Museo Civico di Storia Naturale			Milan	Italy	Museo Civico di Storia Naturale, Milan, Italy
MCZ	Museum of Comparative Zoology	Entomology Department	Harvard University	Cambridge	United States	Museum of Comparative Zoology, Entomology Department, Harvard University, Cambridge, United States
MCZL	Musee de Zoologie Lausanne	Entomological Collection		Lausanne	Switzerland	Musee de Zoologie Lausanne, Entomological Collection, Lausanne, Switzerland
MDRG	Museum voor Dierkunde		Universiteit Gent	Gent	Belgium	Museum voor Dierkunde, Gent, Belgium
MECG	Medical Entomology Collection Gallery			Beijing	China	Medical Entomology Collection Gallery, Beijing, China
MEUA	Museo de Entomologia		Universidad Nacional Agraria La Molina	Lima	Peru	Museo de Entomologia, Lima, Peru
MEUV	Museo de Entomologia	Departamento de Biologia 	Universidad del Valle	Cali	Colombia	Museo de Entomologia, Departamento de Biologia, Universidad del Valle, Cali, Colombia
MGAB	"Muzeul National de Istorie Naturalaá""Grigore Antipa"""			Bucuresti	Romania	"Muzeul National de Istorie Naturalaá""Grigore Antipa"", Bucuresti, Romania"
MHNA	Museum d'Histoire Naturelle			Autun	France	Museum d'Histoire Naturelle, Autun, France
MHNG	Museum d'Histoire Naturelle	Department d'Entomologie II		Geneva	Switzerland	Museum d'Histoire Naturelle, Department d'Entomologie II, Geneva, Switzerland
MHNL	Musee d'histoire Naturelle de Lyon			Lyon	France	Musee d'histoire Naturelle de Lyon, Lyon, France
MHNLI	Musee d'Histoire Naturelle et d'Ethnographie			Lille	France	Musee d'Histoire Naturelle et d'Ethnographie, Lille, France
MHNN	Museum d'Histoire Naturelle			Neuchatel	Switzerland	Museum d'Histoire Naturelle, Neuchatel, Switzerland
MICN	Museo de Ciencias Naturales de Tenerife		Museo de la Naturaleza y el Hombre 	Santa Cruz de Tenerife	Spain	Museo de Ciencias Naturales de Tenerife, Santa Cruz de Tenerife, Spain
MLUH	Institut fur Zoologie und Zoologische Sammlung		Martin-Luther-Universitat Halle-Wittenberg	Halle (Saale)	Germany	Institut fur Zoologie und Zoologische Sammlung, Halle (Saale), Germany
MMB	Moravske Zemske Muzeum	Department of Entomology		Brno	Czech Republic	Moravske Zemske Muzeum, Department of Entomology, Brno, Czech Republic
MMC	Department of Parasitology		Seventh Military Medical College		China	Department of Parasitology, China
MMK	Maidstone Museum & Art Gallery			Maidstone	United Kingdom	Maidstone Museum & Art Gallery, Maidstone, United Kingdom
MMS	Macleay Museum	Insect Collection	University of Sydney	Sydney	Australia	Macleay Museum, Insect Collection, University of Sydney, Sydney, Australia
MNHNP	Museum National d'Histoire Naturelle	National Collection of Insects		Paris	France	Museum National d'Histoire Naturelle, National Collection of Insects, Paris, France
MNHNS	Museo Nacional de Historia Natural	Coleccion Nacional de Insectos		Santiago	Chile	Museo Nacional de Historia Natural, Coleccion Nacional de Insectos, Santiago, Chile
MNLR	Latvian Museum of Natural History			Riga	Latvia	Latvian Museum of Natural History, Riga, Latvia
MNMS	Museo Nacional de Ciencias Naturales	Department of Entomology		Madrid	Spain	Museo Nacional de Ciencias Naturales, Department of Entomology, Madrid, Spain
MNRJ	Museu Nacional		Universidade Federal do Rio de Janeiro	Rio de Janeiro	Brazil	Museu Nacional, Rio de Janeiro, Brazil
MNRP	Museo Nacional			Panama	Panama	Museo Nacional, Panama, Panama
MPEG	Museu Paraense Emilio Goeldi	Departamento de Entomologia		Belem	Brazil	Museu Paraense Emilio Goeldi, Departamento de Entomologia, Belem, Brazil
MPIL	Limnologische Flussstation		Max-Planck-Institut fur Limnologie	Schlitz	Germany	Limnologische Flussstation, Schlitz, Germany
MRAC	Musee Royal de l'Afrique Centrale	Section d'Entomologie		Tervuren	Belgium	Musee Royal de l'Afrique Centrale, Section d'Entomologie, Tervuren, Belgium
MRI	Medical Research Institute	Department of Entomology		Colombo	Sri Lanka	Medical Research Institute, Department of Entomology, Colombo, Sri Lanka
MRSN	Museo Regionale di Scienze Naturali	Spinola Collection		Turin	Italy	Museo Regionale di Scienze Naturali, Spinola Collection, Turin, Italy
MSNG	"Museo Civico di Storia Naturale ""Giacomo Doria"""			Genoa	Italy	"Museo Civico di Storia Naturale ""Giacomo Doria"", Genoa, Italy"
MSNV	Museo Civico di Storia Naturale			Verona	Italy	Museo Civico di Storia Naturale, Verona, Italy
MSUB	Department of Entomology	Montana Entomology Collection 	Montana State University	Bozeman	United States	Department of Entomology, Montana Entomology Collection, Montana State University, Bozeman, United States
MSUEL	Department of Entomology	Entomological Collection	Michigan State University	East Lansing	United States	Department of Entomology, Entomological Collection, Michigan State University, East Lansing, United States
MTI	Moscow Tropical Institute			Moscow	Russia	Moscow Tropical Institute, Moscow, Russia
MUSA	Madrid University School of Agriculture			Madrid	Spain	Madrid University School of Agriculture, Madrid, Spain
MUSM	Museo de Historia Natural		Universidad Nacional Mayor de San Marcos	Lima	Peru	Museo de Historia Natural, Lima, Peru
MVMM	Melbourne Museum		Museum Victoria	Melbourne	Australia	Melbourne Museum, Melbourne, Australia
MWNH	Museum Wiesbaden	Naturwissenschaftliche Sammlung		Wiesbaden	Germany	Museum Wiesbaden, Naturwissenschaftliche Sammlung, Wiesbaden, Germany
MZB	Museum Zoologicum Bogoriense			Bogor	Indonesia	Museum Zoologicum Bogoriense, Bogor, Indonesia
MZLP	Musee Zoologique		Universite Louis Pasteur	Strasbourg	France	Musee Zoologique, Strasbourg, France
MZLS	"Museo Zoologico ""La Specola"""		Museo di Storia Naturale	Florence	Italy	"Museo Zoologico ""La Specola"", Florence, Italy"
MZUN	Museo Zoologico dell'Universita di Napoli			Naples	Italy	Museo Zoologico dell'Universita di Napoli, Naples, Italy
MZUSP	Museu de Zoologia		Universidade de Sao Paulo	Sao Paulo	Brazil	Museu de Zoologia, Sao Paulo, Brazil
NARCH	National Agricultural Research Center for Hokkaido Region	Entomology Laboratory, Department of Agro-Environment Sciences		Sapporo	Japan	National Agricultural Research Center for Hokkaido Region, Entomology Laboratory, Department of Agro-Environment Sciences, Sapporo, Japan
NDSR	Drosophila Species Center	Bowling Green State University		Bowling Green	United States	Drosophila Species Center, Bowling Green State University, Bowling Green, United States
NHLS	National Health Laboratory Services	Department of Medical Entomology		Johannesburg	South Africa	National Health Laboratory Services, Department of Medical Entomology, Johannesburg, South Africa
NHMM	Naturhistorisches Museum Mainz	Landessammlung f³r Naturkunde, Rheinland-Pfalz		Mainz	Germany	Naturhistorisches Museum Mainz, Landessammlung f³r Naturkunde, Rheinland-Pfalz, Mainz, Germany
NICD	National Institute of Communicable Diseases	Malaria Research Center		Delhi	India	National Institute of Communicable Diseases, Malaria Research Center, Delhi, India
NIES	National Institute of Environmental Studies			Tsukuba	Japan	National Institute of Environmental Studies, Tsukuba, Japan
NIID	National Institute of Infectious Diseases	Department of Medical Entomology		Tokyo	Japan	National Institute of Infectious Diseases, Department of Medical Entomology, Tokyo, Japan
NMB	Naturhistorisches Museum	Entomology Department		Basel	Switzerland	Naturhistorisches Museum, Entomology Department, Basel, Switzerland
NMBA	Naturhistorisches Museum		Benediktinerstift Admont 	Admont	Austria	Naturhistorisches Museum, Admont, Austria
NMBS	Naturhistorisches Museum			Bern	Switzerland	Naturhistorisches Museum, Bern, Switzerland
NMBZ	The Natural History Museum	Invertebrate Collection		Bulawayo	Zimbabwe	The Natural History Museum, Invertebrate Collection, Bulawayo, Zimbabwe
NMCL	Naturkunde-Museum Coburg			Coburg	Germany	Naturkunde-Museum Coburg, Coburg, Germany
NME	Naturkundemuseum Erfurt			Erfurt	Germany	Naturkundemuseum Erfurt, Erfurt, Germany
NMI	National Museum of Ireland	Insect Collection		Dublin	Ireland	National Museum of Ireland, Insect Collection, Dublin, Ireland
NMKE	National Museums of Kenya	Department of Invertebrate Zoology		Nairobi	Kenya	National Museums of Kenya, Department of Invertebrate Zoology, Nairobi, Kenya
NMKL	National Museum			Kuala Lumpur	Malaysia	National Museum, Kuala Lumpur, Malaysia
NMNHM	National Museum of Natural History			Mdina 	Malta	National Museum of Natural History, Mdina, Malta
NMNS	National Museum of Natural Science			Taichung	Taiwan	National Museum of Natural Science, Taichung, Taiwan
NMP	Natal Museum			Pietermaritzburg	South Africa	Natal Museum, Pietermaritzburg, South Africa
NMPC	Natural History Museum	Department of Entomology	National Museum	Prague	Czech Republic	Natural History Museum, Department of Entomology, National Museum, Prague, Czech Republic
NMSC	Department of Biological Sciences	Zoological Reference Collection	National University of Singapore	Singapore	Singapore	Department of Biological Sciences, Zoological Reference Collection, National University of Singapore, Singapore, Singapore
NMW	Naturhistorisches Museum Wien	International Research Institute for Entomology		Vienna	Austria	Naturhistorisches Museum Wien, International Research Institute for Entomology, Vienna, Austria
NMWC	National Museum and Galleries of Wales	Entomology Section, Department of Biodiversity & Systematic Biology		Cardiff	United Kingdom	National Museum and Galleries of Wales, Entomology Section, Department of Biodiversity & Systematic Biology, Cardiff, United Kingdom
NRS	Naturhistoriska Riksmuseet	Sektionen for Entomologi		Stockholm	Sweden	Naturhistoriska Riksmuseet, Sektionen for Entomologi, Stockholm, Sweden
NSMT	National Science Museum	Department of Zoology		Tokyo	Japan	National Science Museum, Department of Zoology, Tokyo, Japan
NTU	Department of Zoology-Entomology		National Taiwan University	Taipei	Taiwan	Department of Zoology-Entomology, Taipei, Taiwan
NTUTM	Department of Tropical Medicine		National Taiwan University	Taipei	Taiwan	Department of Tropical Medicine, Taipei, Taiwan
NYBG	New York Botanical Garden			New York	United States	New York Botanical Garden, New York, United States
NYSM	New York State Museum	Entomology Collection 		Albany	United States	New York State Museum, Entomology Collection, Albany, United States
NZAC	New Zealand Arthropod Collection	Entomology Division	Landcare Research	Auckland	New Zealand	New Zealand Arthropod Collection, Entomology Division, Landcare Research, Auckland, New Zealand
OHSU	Museum of Biological Diversity	Ohio State Insect Collection	Ohio State University	Columbus	United States	Museum of Biological Diversity, Ohio State Insect Collection, Ohio State University, Columbus, United States
OKAC	Okayama Agricultural College			Okayama	Japan	Okayama Agricultural College, Okayama, Japan
OLML	Oberosterreichisches Landesmuseum			Linz	Austria	Oberosterreichisches Landesmuseum, Linz, Austria
OMNH	Osaka Museum of Natural History			Osaka	Japan	Osaka Museum of Natural History, Osaka, Japan
OMNZ	Otago Museum			Dunedin	New Zealand	Otago Museum, Dunedin, New Zealand
ORST	ORSTOM	Service Scientific Central d'Entomologie Agricole		Seine	France	ORSTOM, Service Scientific Central d'Entomologie Agricole, Seine, France
ORSU	Department of Entomology	Collection	Oregon State University	Corvallis	United States	Department of Entomology, Collection, Oregon State University, Corvallis, United States
OUA	Obihiro University of Agriculture and Veterinary Medicine			Obihiro	Japan	Obihiro University of Agriculture and Veterinary Medicine, Obihiro, Japan
OUJ	Faculty of Medicine	Department of Infectious Disease Control	Oita University	Oita	Japan	Faculty of Medicine, Department of Infectious Disease Control, Oita University, Oita, Japan
PACL	Department of Entomology	Faculty of Agriculture	University of Agriculture	Faisalabad	Pakistan	Department of Entomology, Faculty of Agriculture, University of Agriculture, Faisalabad, Pakistan
PAN	Museum of the Institute of Zoology		Polish Academy of Sciences	Warsaw	Poland	Museum of the Institute of Zoology, Warsaw, Poland
PCZM	Zoological Museum		Presidency College	Calcutta	India	Zoological Museum, Calcutta, India
PIG	Institut Pasteur de la Guyane			Cayenne	French Guiana	Institut Pasteur de la Guyane, Cayenne, French Guiana
PIN	Paleontological Institute		Russian Academy of Science	Moscow	Russia	Paleontological Institute, Moscow, Russia
PIUB	Institut fur Palaontologie		Rheinische Friedrich-Wilhelms-Universitat Bonn	Bonn	Germany	Institut fur Palaontologie, Bonn, Germany
PMB	Natural History Museum			Belgrad	Yugoslavia 	Natural History Museum, Belgrad, Yugoslavia
PMHU	Museum fur Naturkunde der Humboldt Universitat zu Berlin	Institut fur Palaontologie		Berlin	Germany	Museum fur Naturkunde der Humboldt Universitat zu Berlin, Institut fur Palaontologie, Berlin, Germany
PNM	National Museum of the Philippines	Section of Entomology		Manila	Philippines	National Museum of the Philippines, Section of Entomology, Manila, Philippines
PPDD	Plant Protection Research Institute		Ministry of Agriculture	Giza	Egypt	Plant Protection Research Institute, Giza, Egypt
PQMAB	Institute of Animal and Plant Quarantine		Ministry of Agriculture	Beijing	China	Institute of Animal and Plant Quarantine, Beijing, China
PSU	Frost Entomological Museum		Pennsylvania State University	University Park	United States	Frost Entomological Museum, University Park, United States
PUCP	Department of Zoology		Punjab University	Chandigarh	India	Department of Zoology, Chandigarh, India
QCAZ	Museo de Zoologia	Pontificia Universidad Catolica del Ecuador		Quito	Ecuador	Museo de Zoologia, Pontificia Universidad Catolica del Ecuador, Quito, Ecuador
QDPI	Queensland Department of Primary Industries and Fisheries			Brisbane	Australia	Queensland Department of Primary Industries and Fisheries, Brisbane, Australia
QMBA	Queensland Museum			South Bank (Brisbane)	Australia	Queensland Museum, South Bank (Brisbane), Australia
RIE	Department of Medical Zoology and Immunology		Nagasaki University School of Medicine	Nagasaki	Japan	Department of Medical Zoology and Immunology, Nagasaki, Japan
RNH	Nationaal Natuurhistorisch Museum			Leiden	Netherlands	Nationaal Natuurhistorisch Museum, Leiden, Netherlands
ROM	Royal Ontario Museum			Toronto	Canada	Royal Ontario Museum, Toronto, Canada
RSM	Royal Museum	Department of Natural History, Insect Collection	National Museums of Scotland	Edinburgh	United Kingdom	Royal Museum, Department of Natural History, Insect Collection, National Museums of United Kingdom, Edinburgh, United Kingdom
SAFAI	Istituto Sperimentale per l'Agrumicoltura Sezione Biologia e Difesa	Laboratorio di Entomologia		Acireale	Italy	Istituto Sperimentale per l'Agrumicoltura Sezione Biologia e Difesa, Laboratorio di Entomologia, Acireale, Italy
SAMA	South Australian Museum			Adelaide	Australia	South Australian Museum, Adelaide, Australia
SAMCT	South African Museum	Entomology Department		Cape Town	South Africa	South African Museum, Entomology Department, Cape Town, South Africa
SANC	ARC - Plant Protection Research Institute	South African National Collection of Insects		Pretoria	South Africa	ARC - Plant Protection Research Institute, South African National Collection of Insects, Pretoria, South Africa
SBKL	Shaanxi Bioresource Key Laboratory		Shaanxi Technology University	Hanzhong	China	Shaanxi Bioresource Key Laboratory, Hanzhong, China
SCSC	Department of Biological Sciences	Collection	St. Cloud State College	St. Cloud	United States	Department of Biological Sciences, Collection, St. Cloud State College, St. Cloud, United States
SDNHM	San Diego Natural History Museum	Entomology Department		San Diego	United States	San Diego Natural History Museum, Entomology Department, San Diego, United States
SDU	Plant Science Department	Severin-McDaniel Insect Research Collection	South Dakota State University	Brookings	United States	Plant Science Department, Severin-McDaniel Insect Research Collection, South Dakota State University, Brookings, United States
SLJG	Landesmuseum Joanneum	Abteilung fur Zoologie		Graz	Austria	Landesmuseum Joanneum, Abteilung fur Zoologie, Graz, Austria
SMC	Szechwan Medical College			Chengdu	China	Szechwan Medical College, Chengdu, China
SMF	Forschungsinstitut und Naturmuseum Senckenberg	Entomologische Sektion 1		Frankfurt/Main	Germany	Forschungsinstitut und Naturmuseum Senckenberg, Entomologische Sektion 1, Frankfurt/Main, Germany
SMMU	Department of Parasitoloy		Second Military Medical University	Shanghai	China	Department of Parasitoloy, Shanghai, China
SMNG	Staatliches Museum fur Naturkunde Gorlitz		Landesmuseum des Freistaates Sachsen	Gorlitz	Germany	Staatliches Museum fur Naturkunde Gorlitz, Gorlitz, Germany
SMNK	Staatliches Museum fur Naturkunde Karlsruhe			Karlsruhe	Germany	Staatliches Museum fur Naturkunde Karlsruhe, Karlsruhe, Germany
SMNS	Staatliches Museum fur Naturkunde Stuttgart			Stuttgart	Germany	Staatliches Museum fur Naturkunde Stuttgart, Stuttgart, Germany
SMOC	Slezske Zemske Muzeum	Entomological Collections, Department of Natural History		Opava	Slovakia	Slezske Zemske Muzeum, Entomological Collections, Department of Natural History, Opava, Slovakia
SMT	Staatliche Naturhistorische Sammlungen Dresden	Museum fur Tierkunde		Dresden	Germany	Staatliche Naturhistorische Sammlungen Dresden, Museum fur Tierkunde, Dresden, Germany
SMWN	National Museum of Namibia			Windhoek	Namibia	National Museum of Namibia, Windhoek, Namibia
SNMB	Staatliches Naturhistorisches Museum Braunschweig	Insect Collection		Braunschweig	Germany	Staatliches Naturhistorisches Museum Braunschweig, Insect Collection, Braunschweig, Germany
SNMC	Prirodovedne Muzeum	Zoologicke Oddelenie	Slovenske Narodne Muzeum	Bratislava	Czech Republic	Prirodovedne Muzeum, Zoologicke Oddelenie, Slovenske Narodne Muzeum, Bratislava, Czech Republic
SOFM	National Museum of Natural History	Insect Collection Bulgarian Academy of Sciences		Sofia	Bulgaria	National Museum of Natural History, Insect Collection Bulgarian Academy of Sciences, Sofia, Bulgaria
SRAS	Institute of Cytology and Genetics		Siberian Division of the Russian Academy of Sciences	Novosibirsk	Russia	Institute of Cytology and Genetics, Novosibirsk, Russia
SRSI	Southern Regional Station		Zoological Survey of India	Chennai	India	Southern Regional Station, Chennai, India
SUJ	Department of Biology, Faculty of Education		Shizuoka University	Shizuoka	Japan	Department of Biology, Faculty of Education, Shizuoka, Japan
SUPA	Stanford University			Palo Alto	United States	Stanford University, Palo Alto, United States
SZEE	A. N. Severtsov Institute for Ecology and Evolution	Laboratory of Soil Zoology and Experimental Entomology	Russian Academy of Sciences	Moscow	Russia	A. N. Severtsov Institute for Ecology and Evolution, Laboratory of Soil Zoology and Experimental Entomology, Russian Academy of Sciences, Moscow, Russia
TAMU	Department of Entomology	Insect Collection	Texas A & M University	College Station	United States	Department of Entomology, Insect Collection, Texas A & M University, College Station, United States
TARI	Taiwan Agricultural Research Institute	Insect Collection		Taichung	Taiwan	Taiwan Agricultural Research Institute, Insect Collection, Taichung, Taiwan
TAUI	National Museum of Natural History	Insect Collection	Tel Aviv University, Department of Zoology	Tel Aviv	Israel	National Museum of Natural History, Insect Collection, Tel Aviv University, Department of Zoology, Tel Aviv, Israel
TGU	Department of Biology		Tokyo Gakugei University	Tokyo	Japan	Department of Biology, Tokyo, Japan
TMB	Bakonyi Termeszettudomanyi Muzeum			Zirc	Hungary	Bakonyi Termeszettudomanyi Muzeum, Zirc, Hungary
TMDU	Department of Medical Zoology		Tokyo Medical and Dental University	Tokyo	Japan	Department of Medical Zoology, Tokyo, Japan
TMH	Teylers Museum			Haarlem	Netherlands	Teylers Museum, Haarlem, Netherlands
TMMC	Texas Memorial Museum	Division of Entomology	The University of Texas at Austin	Austin	United States	Texas Memorial Museum, Division of Entomology, The University of Texas at Austin, Austin, United States
TMNH	Tianjin Museum of Natural History			Tianjin	China	Tianjin Museum of Natural History, Tianjin, China
TMS	Tomsk Malaria Station			Tomsk	Russia	Tomsk Malaria Station, Tomsk, Russia
TMU	Department of Biology		Tokyo Metropolitan University	Tokyo	Japan	Department of Biology, Tokyo, Japan
TSU	Tomsk State University			Tomsk	Russia	Tomsk State University, Tomsk, Russia
TUKN	Tribhuvan University			Kirtipur	Nepal	Tribhuvan University, Kirtipur, Nepal
TUPH	Institute of Public Health Research		Tehran University	Tehran	Iran	Institute of Public Health Research, Tehran, Iran
UABC	Department of Biology		Universidad de los Andes	Bogota	Colombia	Department of Biology, Bogota, Colombia
UASK	I. I. Schmalhausen Institute of Zoology		National Academy of Science of Ukraine	Kiev	Ukraine	I. I. Schmalhausen Institute of Zoology, Kiev, Ukraine
UASL	State Museum of Natural History		National Academy of Science of Ukraine	Lviv	Ukraine	State Museum of Natural History, Lviv, Ukraine
UAT	Department of Entomology	Entomology Collection	University of Arizona	Tucson	United States	Department of Entomology, Entomology Collection, University of Arizona, Tucson, United States
UBB	University of Burdwan			Burdwan	India	University of Burdwan, Burdwan, India
UBIG	Istitut de Geologie		Universite de Besancon	Doubs	France	Istitut de Geologie, Doubs, France
UCB	Essig Museum of Entomology	Department of Entomological Sciences	University of California	Berkeley	United States	Essig Museum of Entomology, Department of Entomological Sciences, University of California, Berkeley, United States
UCD	Bohart Museum of Entomology		University of California	Davis	United States	Bohart Museum of Entomology, Davis, United States
UCGC	University of Colorado Museum	Paleobiology/Geology Section		Boulder	United States	University of Colorado Museum, Paleobiology/Geology Section, Boulder, United States
UCHS	Facultad de Agronomia		Universidad de Chile	Santiago	Chile	Facultad de Agronomia, Santiago, Chile
UCHV	Universidad Catolica de Valparaiso			Valparaiso	Chile	Universidad Catolica de Valparaiso, Valparaiso, Chile
UCMP	Museum of Paleontology		University of California	Berkeley	United States	Museum of Paleontology, Berkeley, United States
UCOLB	University of Colorado Museum	Entomology Section		Boulder	United States	University of Colorado Museum, Entomology Section, Boulder, United States
UCR	Entomology Research Museum	UCR Entomological Teaching and Research Collection	University of California	Riverside	United States	Entomology Research Museum, UCR Entomological Teaching and Research Collection, University of California, Riverside, United States
UIM	Department of Plant, Soil, and Entomological Sciences	Entomology Division, W. F. Barr Entomological Collection	University of Idaho	Moscow	United States	Department of Plant, Soil, and Entomological Sciences, Entomology Division, W. F. Barr Entomological Collection, University of Idaho, Moscow, United States
UKAL	Kansas Biological Survey	Invertebrate Collection	The University of Kansas	Lawrence	United States	Kansas Biological Survey, Invertebrate Collection, The University of Kansas, Lawrence, United States
UKR	Kaliningrad State University			Kaliningrad	Russia	Kaliningrad State University, Kaliningrad, Russia
ULP	Department of Invertebrate Zoology and Hydrobiology		University of Lodz	Lodz	Poland	Department of Invertebrate Zoology and Hydrobiology, Lodz, Poland
UMA	Department of Entomology	Insect Collection	University of Massachusetts	Amherst	United States	Department of Entomology, Insect Collection, University of Massachusetts, Amherst, United States
UMC	University of Missouri	Enns Entomology Museum		Columbia	United States	University of Missouri, Enns Entomology Museum, Columbia, United States
UMCE	Instituto de Entomologia		Universidad Metropolitana de Ciencias de la Educacion	Santiago	Chile	Instituto de Entomologia, Santiago, Chile
UMG	Hunterian Museum	Zoology Collections	University of Glasgow	Glasgow	United Kingdom	Hunterian Museum, Zoology Collections, University of Glasgow, Glasgow, United Kingdom
UMGI	Museum of the Department of Zoology		University of Mysore	Mysore	India	Museum of the Department of Zoology, Mysore, India
UMMS	Departamento de Biologia		Universidad de Murcia	Murcia	Spain	Departamento de Biologia, Murcia, Spain
UMMZ	Museum of Zoology	Insect Division 	University of Michigan	Ann Arbor	United States	Museum of Zoology, Insect Division, University of Michigan, Ann Arbor, United States
UMO	Oxford University Museum of Natural History	Hope Entomological Collections		Oxford	United Kingdom	Oxford University Museum of Natural History, Hope Entomological Collections, Oxford, United Kingdom
UMSP	Department of Entomology		University of Minnesota	St. Paul	United States	Department of Entomology, St. Paul, United States
UNAM	Departamento de Zoologia	Instituto de Biologia	Universidad Nacional Autonoma de Mexico	Mexico	Mexico	Departamento de Zoologia, Instituto de Biologia, Universidad Nacional Autonoma de Mexico, Mexico, Mexico
UNCB	Universidad Nacional de Colombia			Bogota	Colombia	Universidad Nacional de Colombia, Bogota, Colombia
UNESP	Departamento de Biologia		Universidade Estadual Paulista	Sao Jose do Rio Preto	Brazil	Departamento de Biologia, Sao Jose do Rio Preto, Brazil
UNL	University of Nebraska State Museum	Division of Entomology 	University of Nebraska-Lincoln	Lincoln	United States	University of Nebraska State Museum, Division of Entomology, University of Nebraska-Lincoln, Lincoln, United States
UNLP	Museo de La Plata			Buenos Aires	Argentina	Museo de La Plata, Buenos Aires, Argentina
UOPJ	Entomological Laboratory		University Prefecture Osaka	Osaka	Japan	Entomological Laboratory, Osaka, Japan
UPPC	Department of Entomology	College of Agriculture	University of the Philippines Los Banos	Laguna (Los Banos)	Philippines	Department of Entomology, College of Agriculture, University of the Philippines Los Banos, Laguna (Los Banos), Philippines
UPPI	Department of Zoology		University of Pune [=Poona]	Pune	India	Department of Zoology, Pune, India
USCP	Department of Biology	Entomology Collection	University of San Carlos	Cebu City	Philippines	Department of Biology, Entomology Collection, University of San Carlos, Cebu City, Philippines
USNM	National Museum of Natural History	Department of Entomology	Smithsonian Institution	Washington	United States	National Museum of Natural History, Department of Entomology, Smithsonian Institution, Washington, United States
USU	Department of Biology	Insect Collection	Utah State University	Logan	United States	Department of Biology, Insect Collection, Utah State University, Logan, United States
UTA	The University of Texas at Austin			Austin	United States	The University of Texas at Austin, Austin, United States
UWS	Burke Museum	Department of Zoology	University of Washington	Seattle	United States	Burke Museum, Department of Zoology, University of Washington, Seattle, United States
UZMC	The Natural History Museum of Denmark	Department of Zoology, Entomology	University of Copenhagen	Copenhagen	Denmark	The Natural History Museum of Denmark, Department of Zoology, Entomology, University of Copenhagen, Copenhagen, Denmark
UZMH	Zoological Museum		Finnish Museum of Natural History	University of Helsinki	Finland	Zoological Museum, University of Helsinki, Finland
VMS	Vladimir Malaria Station			Vladimir	Russia	Vladimir Malaria Station, Vladimir, Russia
VRL	Onderstepoort Veterinary Institute		Agricultural Research Council 	Onderstepoort	South Africa	Onderstepoort Veterinary Institute, Onderstepoort, South Africa
VSRI	N.I. Vavilov All-Russian Scientific Research Institute of Plant Industry			St. Petersburg	Russia	N.I. Vavilov All-Russian Scientific Research Institute of Plant Industry, St. Petersburg, Russia
WADA	Western Australian Department of Agriculture			South Perth	Australia	Western Australian Department of Agriculture, South Perth, Australia
WAM	Western Australian Museum	Entomology collection 	Perth Cultural Centre	Perth	Australia	Western Australian Museum, Entomology collection, Perth Cultural Centre, Perth, Australia
WSU	Department of Entomology	M. T. James Entomological Collection	Washington State University	Pullman	United States	Department of Entomology, M. T. James Entomological Collection, Washington State University, Pullman, United States
XUU	Department of Biology		Xinjiang University	Urumqi	China	Department of Biology, Urumqi, China
YSUW	Department of Life Sciences		Yonsei University	Wonju	South Korea	Department of Life Sciences, Wonju, South Korea
ZDUT	Department of Zoology		University of Toronto	Toronto	Canada	Department of Zoology, Toronto, Canada
ZFC	Zhejiang Forestry College			Lin' an	China	Zhejiang Forestry College, Lin' an, China
ZFMK	Zoologisches Forschungsinstitut und Museum Alexander Koenig			Bonn	Germany	Zoologisches Forschungsinstitut und Museum Alexander Koenig, Bonn, Germany
ZIL	Museum of Zoology		Lund University	Lund	Sweden	Museum of Zoology, Lund, Sweden
ZISP	Zoological Institute		Russian Academy of Sciences	St. Petersburg	Russia	Zoological Institute, St. Petersburg, Russia
ZIU	Evolutionsmuseet (Museum of Evolution)	Zoology section 	Uppsala University	Uppsala	Sweden	Evolutionsmuseet (Museum of Evolution), Zoology section, Uppsala University, Uppsala, Sweden
ZJMG	Zoologisches Museum der Universitat Gottingen			Gottingen	Germany	Zoologisches Museum der Universitat Gottingen, Gottingen, Germany
ZMAN	Zoologisch Museum Amsterdam	Section Entomology	Universiteit van Amsterdam	Amsterdam	Netherlands	Zoologisch Museum Amsterdam, Section Entomology, Universiteit van Amsterdam, Amsterdam, Netherlands
ZMGU	Zooloji Musesi		Gazi Universitesi	Ankara	Turkey	Zooloji Musesi, Ankara, Turkey
ZMHU	Museum fur Naturkunde	Institut fur Systematische Zoologie	Zentralinstitut der Humboldt Universitat zu Berlin	Berlin	Germany	Museum fur Naturkunde, Institut fur Systematische Zoologie, Zentralinstitut der Humboldt Universitat zu Berlin, Berlin, Germany
ZMM	Zoological Museum	Moscow State Spider Collection, Department of Invertebrate Zoology	Moscow State University	Moscow	Russia	Zoological Museum, Moscow State Spider Collection, Department of Invertebrate Zoology, Moscow State University, Moscow, Russia
ZMSZ	Zemaljski Muzej Bosne i Hercegovine			Sarajevo	Bosnia-Herzegovina	Zemaljski Muzej Bosne i Hercegovine, Sarajevo, Bosnia-Herzegovina
ZMT	Zoologiamuuseum		University of Tartu	Tartu	Estonia	Zoologiamuuseum, Tartu, Estonia
ZMUB	Museum of Zoology	Entomological Collection	University of Bergen	Bergen	Norway	Museum of Zoology, Entomological Collection, University of Bergen, Bergen, Norway
ZMUH	Zoologisches Institut und Zoologisches Museum	Abteilung Entomologie	Universitat Hamburg	Hamburg	Germany	Zoologisches Institut und Zoologisches Museum, Abteilung Entomologie, Universitat Hamburg, Hamburg, Germany
ZMUN	Zoological Museum		University of Oslo	Oslo	Norway	Zoological Museum, Oslo, Norway
ZMZ	Zoologisches Museum der Universitat Zurich			Zurich	Switzerland	Zoologisches Museum der Universitat Zurich, Zurich, Switzerland
ZSBS	Zoologische Staatssammlung Munchen			Munich	Germany	Zoologische Staatssammlung Munchen, Munich, Germany
ZSI	Zoological Survey of India	National Zoological Collection		Calcutta	India	Zoological Survey of India, National Zoological Collection, Calcutta, India
